<?xml version="1.0" encoding="UTF-8"?>
<project-private xmlns="http://www.netbeans.org/ns/project-private/1">
    <editor-bookmarks xmlns="http://www.netbeans.org/ns/editor-bookmarks/2" lastBookmarkId="0"/>
    <open-files xmlns="http://www.netbeans.org/ns/projectui-open-files/2">
        <group>
            <file>file:/C:/Users/esteb/OneDrive/Documentos/NetBeansProjects/final%20(1)/final/src/Main/Datos_1.java</file>
            <file>file:/C:/Users/esteb/OneDrive/Documentos/NetBeansProjects/final%20(1)/final/src/Main/logeo.java</file>
            <file>file:/C:/Users/esteb/OneDrive/Documentos/NetBeansProjects/final%20(1)/final/src/Main/logeo1.java</file>
            <file>file:/C:/Users/esteb/OneDrive/Documentos/NetBeansProjects/final%20(1)/final/src/Main/menu.java</file>
            <file>file:/C:/Users/esteb/OneDrive/Documentos/NetBeansProjects/final%20(1)/final/src/test/Main.java</file>
            <file>file:/C:/Users/esteb/OneDrive/Documentos/NetBeansProjects/final%20(1)/final/src/Main/LoR.java</file>
            <file>file:/C:/Users/esteb/OneDrive/Documentos/NetBeansProjects/final%20(1)/final/src/Main/LoR1.java</file>
            <file>file:/C:/Users/esteb/OneDrive/Documentos/NetBeansProjects/final%20(1)/final/src/Main/Datos.java</file>
            <file>file:/C:/Users/esteb/OneDrive/Documentos/NetBeansProjects/final%20(1)/final/src/Main/registro.java</file>
        </group>
    </open-files>
</project-private>
